"kd_ktm"|"kd_smkl"|"ur_smkl"
"01"|"1A0B"|YONIF 100 /PRAJURIT SETIA
"01"|"1A1A"|BRIGIF 7 /RIMBA RAYA
"01"|"1A1B"|YONIF 122 /TOMBAK SAKTI
"01"|"1A1C"|YONIF 125 /SIMBISA
"01"|"1A1D"|YONIF 126 /KALA SAKTI
"01"|"1A2A"|BRIGIF TP 36 /HARAJAON MARPITU
"01"|"1A2B"|YONIF TP 852 /ABHINAYA BALA YUDHA
"01"|"1A2C"|YONIF TP 901 /SUHUL GADING
"01"|"1A2D"|YONIF TP 902 /SRI PADUKA GOCAH
"01"|"1A2E"|YONIF TP 903 /BALUSEDA
"01"|"1A3A"|BRIGIF TP 37 /HUJUR SIRINGGIS
"01"|"1A3B"|YONIF TP 904 /GARA MATA
"01"|"1A3C"|YONIF TP 905 /TUAN SYAH
"01"|"1A3D"|YONIF TP 906 /SANALENGGAM
"01"|"1A3E"|YONIF TP 907 /DEWA SHAHDAN
"01"|"1A3F"|YONIF TP 908 /GAJA DOMPAK
"01"|"1A4B"|YONIF 121 /MACAN KUMBANG
"01"|"1A4C"|YONIF 123 /RAJAWALI
"01"|"1B0B"|YONKAV 6 /NAGA KARIMATA
"01"|"1C0B"|YONARMED 2 /KILAP SUMAGAN
"01"|"1D0B"|YONARHANUD 11 /WIRA BHUANA YUDHA
"01"|"1D1A"|MENARHANUD 2 / SISINGAMANGARAJA KODAM I /BB
"01"|"1E0B"|YONZIPUR 1 /DHIRA DHARMA
"01"|"2Z0B"|KODIM 0201 /MEDAN
"01"|"2Z3A"|KOREM 022 /PANTAI TIMUR
"01"|"2Z3B"|KODIM 0207 /SIMALUNGUN REM 022
"01"|"2Z3C"|KODIM 0208 /ASAHAN REM 022
"01"|"2Z3D"|KODIM 0209 /LABUHAN REM 022
"01"|"2Z3E"|KODIM 0203 /LANGKAT REM 022
"01"|"2Z3F"|KODIM 0204 /DELI SERDANG REM 022
"01"|"2Z4A"|KOREM 023 /KAWAL SAMUDRA
"01"|"2Z4B"|KODIM 0210 /TAPANULI UTARA REM 023
"01"|"2Z4C"|KODIM 0211 /TAPANULI TENGAH REM 023
"01"|"2Z4D"|KODIM 0212 /TAPANULI SELATAN REM 023
"01"|"2Z4E"|KODIM 0213 /NIAS REM 023
"01"|"2Z4F"|KODIM 0205 /TANAH KARO REM 023
"01"|"2Z4G"|KODIM 0206 /DAIRI REM 023
"01"|"3U0B"|DENINTELDAM I /BB
"01"|"4A0B"|RINDAM I /BB
"01"|"4E0B"|ZIDAM I /BB
"01"|"4F0B"|POMDAM I /BB
"01"|"4G0B"|BEKANGDAM I /BB
"01"|"4H0B"|KUMDAM I /BB
"01"|"4K0B"|KESDAM I /BB
"01"|"4L0B"|PENDAM I /BB
"01"|"4M0B"|PALDAM I /BB
"01"|"4N0B"|HUBDAM I /BB
"01"|"4P0B"|AJENDAM I /BB
"01"|"4P0D"|BABINMINVETCADDAM I /BB
"01"|"4Q0B"|KUDAM I / BB
"01"|"4R0B"|TOPDAM I /BB
"01"|"4S0B"|BINTALJARAHDAM I /BB
"01"|"4T0B"|INFOLAHTADAM I /BB
"01"|"4U0B"|SANSIDAM I /BB
"01"|"4W0B"|JASDAM I /BB
"01"|"4Z0A"|DENMADAM I /BB
"02"|"1A0B"|YONIF 141 /ANEKA YUDHA JAYA PRAKOSA BRIGIF 8 /GC DAM II /SWJ
"02"|"1A1A"|BRIGIF 8 /GARUDA CAKTI
"02"|"1A1C"|YONIF 147 /KSATRIA GARUDA JAYA
"02"|"1A1D"|YONIF TP 893 /KSATRIA BUMI KOMERING
"02"|"1A1E"|YONIF TP 894 /PRAYATNA BUMI
"02"|"1A1F"|YONIF TP 895 /KUJUR CAKTI
"02"|"1A4B"|YONIF 200 /BHAKTI NEGARA
"02"|"1A5C"|YONIF TP 845 /KSATRIA SATAM
"02"|"1A5D"|YONIF TP 846 /KSATRIA SILAMPARI
"02"|"1B0B"|YONKAV 5 /DWI PANGGA CETA
"02"|"1B0C"|KIKAV 5 /GRAHA CETA CAKTI
"02"|"1C0B"|YONARMED 15 /CAILENDRA
"02"|"1D0H"|YONARHANUD 12 /SATRIA BHUANA PRAKASA
"02"|"1E0B"|YON ZIPUR 2 /SAMARA GRAWIRA
"02"|"2Z0B"|KODIM 0418 /PALEMBANG
"02"|"2Z4A"|KOREM 044 /GARUDA DEMPO
"02"|"2Z4B"|KODIM 0401 /MUSI BANYU ASIN REM 044
"02"|"2Z4C"|KODIM 0402 /OGAN KOMERING ILIR REM 044
"02"|"2Z4D"|KODIM 0403 /OKU REM 044
"02"|"2Z4E"|KODIM 0404 /MUARA ENIM REM 044
"02"|"2Z4F"|KODIM 0405 /LAHAT REM 044
"02"|"2Z4G"|KODIM 0406 /LUBUK LINGGAU REM 044
"02"|"2Z4H"|KODIM 0430 /BANYUASIN REM 044
"02"|"2Z5A"|KOREM 045 /GARUDA JAYA
"02"|"2Z5B"|KODIM 0413 /BANGKA REM 045
"02"|"2Z5C"|KODIM 0414 /BELITUNG REM 045
"02"|"2Z5D"|KODIM 0431 /BANGKA BARAT REM 045
"02"|"2Z5E"|KODIM 0432 /BANGKA SELATAN
"02"|"3U0B"|DENINTELDAM II /SWJ
"02"|"4A0B"|RINDAM II /SWJ
"02"|"4E0B"|ZIDAM II /SWJ
"02"|"4F0B"|POMDAM II /SWJ
"02"|"4G0B"|BEKANGDAM II /SWJ
"02"|"4H0B"|KUMDAM II /SWJ
"02"|"4K0B"|KESDAM II /SWJ
"02"|"4L0B"|PENDAM II /SWJ
"02"|"4M0B"|PALDAM II /SWJ
"02"|"4N0B"|KOMLEKDAM II /SWJ
"02"|"4P0B"|AJENDAM II /SWJ
"02"|"4P0D"|BABINMINVETCADDAM II /SWJ
"02"|"4Q0B"|KUDAM II /SWJ
"02"|"4R0B"|TOPDAM II /SWJ
"02"|"4S0B"|BINTALJARAHDAM II /SWJ
"02"|"4T0B"|INFOLAHTADAM II /SWJ
"02"|"4W0B"|JASDAM II /SWJ
"02"|"4Z0A"|DENMADAM II /SWJ
"03"|"1A1A"|BRIGIF 15 /KUJANG II DAM III /SLW
"03"|"1A1B"|YONIF 310 /KIDANG KENCANA
"03"|"1A1C"|YONIF 312 /KALA HITAM
"03"|"1A1D"|YONIF 300 /BRAJAWIJAYA
"03"|"1A2B"|YONIF 301 /PRABU KIAN SANTANG
"03"|"1A3B"|YONIF 315 /GARUDA
"03"|"1A4A"|BRIGIF TP 87 /SALAKANAGARA
"03"|"1A4B"|YONIF TP 878 /GALUH PAKUAN
"03"|"1A4C"|YONIF TP 840 /GOLOK SAKTI
"03"|"1A4D"|YONIF TP 841 /SULANGKAR
"03"|"1A4E"|YONIF TP 842 /BADAK SAKTI
"03"|"1A5A"|BRIGIF TP 34 /CAKRA BUANA
"03"|"1A5B"|YONIF TP 839 /SATRIA ABYAKTA
"03"|"1A5C"|YONIF TP 889 /GAGAK WINANGSIH
"03"|"1A5D"|YONIF TP 890 /GARDHA SAKTI
"03"|"1B0B"|YONKAV 4 /KIJANG CAKTI
"03"|"1B0C"|KIKAV 4 /TARANTULA HITAM CAKTI
"03"|"1C0B"|YONARMED 4 /PARAHYANGAN
"03"|"1C0C"|YONARMED 5 /PANCAGIRI
"03"|"1D0B"|YONARHANUD 14 /PRATITI WIRA YUDHA
"03"|"1D0C"|YONARHANUD 3 /YUDHA BHUANA YAKCA
"03"|"1E0B"|YON ZIPUR 3 /YUDHA WYOGRHA
"03"|"2Z0B"|KODIM 0618 /KOTA BANDUNG
"03"|"2Z1A"|KOREM 061 /SURYA KENCANA
"03"|"2Z1B"|KODIM 0606 /KOTA BOGOR REM 061
"03"|"2Z1C"|KODIM 0621 /KAB. BOGOR REM 061
"03"|"2Z1D"|KODIM 0607 /SUKABUMI REM 061
"03"|"2Z1E"|KODIM 0608 /CIANJUR REM 061
"03"|"2Z1F"|KODIM 0622 /KAB. SUKABUMI
"03"|"2Z2A"|KOREM 062 /TARUMA NAGARA
"03"|"2Z2B"|KODIM 0609 /CIMAHI REM 062
"03"|"2Z2C"|KODIM 0610 /SUMEDANG REM 062
"03"|"2Z2D"|KODIM 0611 /GARUT REM 062
"03"|"2Z2E"|KODIM 0612 /TASIKMALAYA REM 062
"03"|"2Z2F"|KODIM 0613 /CIAMIS REM 062
"03"|"2Z2G"|KODIM 0624 /KAB.BANDUNG REM 062
"03"|"2Z2H"|KODIM 0625 /PANGANDARAN KOREM 062 /TN DAM III /SLW
"03"|"2Z3A"|KOREM 063 /SUNAN GUNUNG JATI
"03"|"2Z3B"|KODIM 0604 /KARAWANG REM 063 /SGJ
"03"|"2Z3C"|KODIM 0605 /SUBANG REM 063
"03"|"2Z3D"|KODIM 0614 /KOTA CIREBON REM 063
"03"|"2Z3E"|KODIM 0620 /KAB. CIREBON REM 063
"03"|"2Z3F"|KODIM 0615 /KUNINGAN REM 063
"03"|"2Z3G"|KODIM 0616 /INDRAMAYU REM 063
"03"|"2Z3H"|KODIM 0617 /MAJALENGKA REM 063
"03"|"2Z3J"|KODIM 0619 /PURWAKARTA REM 063
"03"|"2Z4A"|KOREM 064 /MAULANA YUSUF
"03"|"2Z4B"|KODIM 0601 /PANDEGLANG REM 064
"03"|"2Z4C"|KODIM 0602 /SERANG REM 064
"03"|"2Z4D"|KODIM 0603 /LEBAK REM 064
"03"|"2Z4E"|KODIM 0623 /CILEGON REM 064
"03"|"3U0B"|DENINTELDAM III /SLW
"03"|"4A0B"|RINDAM III /SLW
"03"|"4A0C"|SECATA A RINDAM III /SLW
"03"|"4A0D"|DODIKLATPUR RINDAM III /SLW
"03"|"4A0E"|SECABA RINDAM III /SLW
"03"|"4A0F"|DODIKJUR RINDAM III /SLW
"03"|"4A0G"|DODIK BELANEG RINDAM III /SLW
"03"|"4E0B"|ZIDAM III /SLW
"03"|"4F0B"|POMDAM III /SLW
"03"|"4G0B"|BEKANGDAM III /SLW
"03"|"4H0B"|KUMDAM III /SLW
"03"|"4K0B"|KESDAM III /SLW
"03"|"4K0F"|RUMKIT DUSTIRA
"03"|"4L0B"|PENDAM III /SLW
"03"|"4M0B"|PALDAM III /SLW
"03"|"4N0B"|HUBDAM III /SLW
"03"|"4P0B"|AJENDAM III /SLW
"03"|"4P0D"|BABINMINVETCADDAM III /SLW
"03"|"4Q0B"|KUDAM III /SLW
"03"|"4R0B"|TOPDAM III /SLW
"03"|"4S0B"|BINTALJARAHDAM III /SLW
"03"|"4T0B"|INFOLAHTADAM III /SLW
"03"|"4U0B"|SANSIDAM III /SLW
"03"|"4W0B"|JASDAM III /SLW
"03"|"4Z0A"|DENMADAM III /SLW
"03"|"4Z0B"|ITDAM III /SLW
"04"|"1A0B"|YONIF 400 /BANTENG RAIDER
"04"|"1A1A"|BRIGIF 4 /DEWA RATNA
"04"|"1A1B"|YONIF 405 /SURYA KUSUMA
"04"|"1A1C"|YONIF 406 /CANDRA KUSUMA
"04"|"1A1D"|YONIF 407 /PADMA KUSUMA
"04"|"1A1E"|YONIF TP 838 /PURWA WIJAYA
"04"|"1A1F"|YONIF TP 888 /SATRIA SEJATI
"04"|"1A2B"|YONIF 403 /WIRASADA PRATISTA
"04"|"1A3B"|YONIF 410 /ALU GORO
"04"|"1A4B"|YONIF 408 /SUHBRASTA
"04"|"1B0B"|YONKAV 2 /TURANGGA CETA
"04"|"1B0C"|KIKAV 2 /JAYENG RATA TOH RAGA
"04"|"1C0B"|YONARMED 3 /NAGA PAKCA
"04"|"1D0B"|YONARHANUD 15 /DAHANA BHALADIKA YUDHA
"04"|"1E0B"|YON ZIPUR 4
"04"|"2Z0B"|KODIM 0733 /KOTA SEMARANG
"04"|"2Z1A"|KOREM 071 /WIJAYA KUSUMA
"04"|"2Z1B"|KODIM 0701 /BANYUMAS REM 071
"04"|"2Z1C"|KODIM 0702 /PURBALINGGA REM 071
"04"|"2Z1D"|KODIM 0703 /CILACAP REM 071
"04"|"2Z1E"|KODIM 0710 /PEKALONGAN REM 071
"04"|"2Z1F"|KODIM 0711 /PEMALANG REM 071
"04"|"2Z1G"|KODIM 0712 /TEGAL REM 071
"04"|"2Z1H"|KODIM 0713 /BREBES REM 071
"04"|"2Z1J"|KODIM 0704 /BANJARNEGARA REM 071
"04"|"2Z1K"|KODIM 0736 /BATANG REM 071
"04"|"2Z2A"|KOREM 072 /PAMUNGKAS
"04"|"2Z2B"|KODIM 0705 /MAGELANG REM 072
"04"|"2Z2C"|KODIM 0706 /TEMANGGUNG REM 072
"04"|"2Z2D"|KODIM 0707 /WONOSOBO REM 072
"04"|"2Z2E"|KODIM 0708 /PURWOREJO REM 072
"04"|"2Z2F"|KODIM 0709 /KEBUMEN REM 072
"04"|"2Z2G"|KODIM 0729 /BANTUL REM 072
"04"|"2Z2H"|KODIM 0730 /GUNUNG KIDUL REM 072
"04"|"2Z2J"|KODIM 0731 /KULON PROGO REM 072
"04"|"2Z2K"|KODIM 0732 /SLEMAN REM 072
"04"|"2Z2L"|KODIM 0734 /YOGYAKARTA REM 072
"04"|"2Z3A"|KOREM 073 /MAKUTA RAMA
"04"|"2Z3B"|KODIM 0714 /SALATIGA REM 073
"04"|"2Z3C"|KODIM 0715 /KENDAL REM 073
"04"|"2Z3D"|KODIM 0716 /DEMAK REM 073
"04"|"2Z3E"|KODIM 0717 /PURWODADI REM 073
"04"|"2Z3F"|KODIM 0718 /PATI REM 073
"04"|"2Z3G"|KODIM 0719 /JEPARA REM 073
"04"|"2Z3H"|KODIM 0720 /REMBANG REM 073
"04"|"2Z3J"|KODIM 0721 /BLORA REM 073
"04"|"2Z3K"|KODIM 0722 /KUDUS REM 073
"04"|"2Z4A"|KOREM 074 /WARASTRATAMA
"04"|"2Z4B"|KODIM 0723 /KLATEN REM 074
"04"|"2Z4C"|KODIM 0724 /BOYOLALI REM 074
"04"|"2Z4D"|KODIM 0725 /SRAGEN REM074
"04"|"2Z4E"|KODIM 0726 /SUKOHARJO REM 074
"04"|"2Z4F"|KODIM 0727 /KARANGANYAR REM 074
"04"|"2Z4G"|KODIM 0728 /WONOGIRI REM 074
"04"|"2Z4H"|KODIM 0735 /KODYA SURAKARTA REM 074
"04"|"3U0B"|DENINTELDAM IV /DIP
"04"|"4A0B"|RINDAM IV /DIP
"04"|"4E0B"|ZIDAM IV /DIP
"04"|"4F0B"|POMDAM IV /DIP
"04"|"4G0B"|BEKANGDAM IV /DIP
"04"|"4H0B"|KUMDAM IV /DIP
"04"|"4K0B"|KESDAM IV /DIP
"04"|"4L0B"|PENDAM IV /DIP
"04"|"4M0B"|PALDAM IV /DIP
"04"|"4N0B"|KOMLEKDAM IV /DIP
"04"|"4P0B"|AJENDAM IV /DIP
"04"|"4P0D"|BABINMINVETCADDAM IV /DIP
"04"|"4Q0B"|KUDAM IV /DIP
"04"|"4R0B"|TOPDAM IV /DIP
"04"|"4S0B"|BINTALJARAHDAM IV /DIP
"04"|"4T0B"|INFOLAHTADAM IV /DIP
"04"|"4U0B"|SANSIDAM IV /DIP
"04"|"4W0B"|JASDAM IV /DIP
"04"|"4Z0A"|DENMADAM IV /DIP
"05"|"1A1A"|BRIGIF 16 /WIRA YUDHA
"05"|"1A1B"|YONIF 511 /DIBYATARA YUDHA
"05"|"1A2B"|YONIF 521 /DADAHA YUDHA
"05"|"1A3B"|YONIF 512 /QURATARA YUDHA
"05"|"1A3C"|YONIF 527 /BALADIBYA YUDHA
"05"|"1A4B"|YONIF 516 /CARAKA YUDHA
"05"|"1A4C"|YONIF 500 /SIKATAN
"05"|"1A5A"|BRIGIF TP 33 /NAGA SESHA
"05"|"1A5B"|YONIF TP 885 /BELIBIS PUTIH
"05"|"1A5C"|YONIF TP 886 /PANJALU JAYATI
"05"|"1A5D"|YONIF TP 887 /KESATRIA JOKO MODO
"05"|"1A5E"|YONIF TP 836 /BRAHMA YODHA
"05"|"1A5F"|YONIF TP 837 /KSATRIA TRUNOJOYO
"05"|"1B0B"|YONKAV 3 /ANDHAKA CAKTI
"05"|"1B0C"|KIKAV 3 /TUPAI SETIA CAKTI
"05"|"1C6B"|YONARMED 8 /UDDHATA YUDHA
"05"|"1D0C"|YONARHANUD 8 /MARAWACA BHUANA CAKTI
"05"|"1E0B"|YONZIPUR 5 /ARATI BHAYA WIGHINA
"05"|"2Z1A"|KOREM 081 /DHIROTSAHA JAYA
"05"|"2Z1B"|KODIM 0801 /PACITAN REM 081
"05"|"2Z1C"|KODIM 0802 /PONOROGO REM 081
"05"|"2Z1D"|KODIM 0803 /MADIUN REM 081
"05"|"2Z1E"|KODIM 0804 /MAGETAN REM 081
"05"|"2Z1F"|KODIM 0805 /NGAWI REM 081
"05"|"2Z1G"|KODIM 0806 /TRENGGALEK REM 081
"05"|"2Z1H"|KODIM 0807 /TULUNGAGUNG REM 081
"05"|"2Z1J"|KODIM 0808 /BLITAR REM 081
"05"|"2Z1L"|KODIM 0810 /NGANJUK REM 081
"05"|"2Z2A"|KOREM 082 /CITRA PANCA YUDHA
"05"|"2Z2B"|KODIM 0811 /TUBAN REM 082
"05"|"2Z2C"|KODIM 0812 /LAMONGAN REM 082
"05"|"2Z2D"|KODIM 0813 /BOJONEGORO REM 082
"05"|"2Z2E"|KODIM 0814 /JOMBANG REM 082
"05"|"2Z2F"|KODIM 0815 /MOJOKERTO REM 082
"05"|"2Z2G"|KODIM 0809 /KEDIRI REM 082
"05"|"2Z3A"|KOREM 083 /BALADHIKA JAYA
"05"|"2Z3B"|KODIM 0818 /KAB. MALANG-BATU REM 083
"05"|"2Z3C"|KODIM 0820 /PROBOLINGGO REM 083
"05"|"2Z3D"|KODIM 0821 /LUMAJANG REM 083
"05"|"2Z3E"|KODIM 0822 /BONDOWOSO REM 083
"05"|"2Z3F"|KODIM 0823 /SITUBONDO REM 083
"05"|"2Z3G"|KODIM 0824 /JEMBER REM 083
"05"|"2Z3H"|KODIM 0825 /BANYUWANGI REM 083
"05"|"2Z3J"|KODIM 0819 /PASURUAN REM 083
"05"|"2Z3N"|KODIM 0833 /KODYA MALANG REM 083
"05"|"2Z4A"|KOREM 084 /BHASKARA JAYA
"05"|"2Z4B"|KODIM 0816 /SIDOARJO REM 084
"05"|"2Z4C"|KODIM 0817 /GRESIK REM 084
"05"|"2Z4D"|KODIM 0830 /SURABAYA REM 084
"05"|"2Z4G"|KODIM 0826 /PAMEKASAN REM 084
"05"|"2Z4H"|KODIM 0827 /SUMENEP REM 084
"05"|"2Z4J"|KODIM 0828 /SAMPANG REM 084
"05"|"2Z4K"|KODIM 0829 /BANGKALAN REM 084
"05"|"3U0B"|DENINTELDAM V /BRW
"05"|"4A0B"|RINDAM V /BRW
"05"|"4A0C"|SECATA A RINDAM V /BRW
"05"|"4A0D"|SECABA RINDAM V /BRW
"05"|"4A0E"|DODIKLATPUR RINDAM V /BRW
"05"|"4A0F"|DODIKJUR RINDAM V /BRW
"05"|"4A0G"|DODIK BELANEG RINDAM V /BRW
"05"|"4E0B"|ZIDAM V /BRW
"05"|"4F0B"|POMDAM V /BRW
"05"|"4G0B"|BEKANGDAM V /BRW
"05"|"4H0B"|KUMDAM V /BRW
"05"|"4K0B"|KESDAM V /BRW
"05"|"4L0B"|PENDAM V /BRW
"05"|"4M0B"|PALDAM V /BRW
"05"|"4N0B"|HUBDAM V /BRW
"05"|"4P0B"|AJENDAM V /BRW
"05"|"4P0D"|BABINMINVETCADDAM V /BRW
"05"|"4Q0B"|KUDAM V /BRW
"05"|"4R0B"|TOPDAM V /BRW
"05"|"4S0B"|BINTALJARAHDAM V /BRW
"05"|"4T0B"|INFOLAHTADAM V /BRW
"05"|"4U0B"|SANSIDAM V /BRW
"05"|"4W0B"|JASDAM V /BRW
"05"|"4Z0A"|DENMADAM V /BRW
"05"|"4Z0B"|ITDAM V /BRW
"06"|"1A0B"|YONIF 614 /RAJA PANDHITA
"06"|"1A1C"|YONIF 600 /MODANG
"06"|"1A1E"|YONIF 611 /AWANG LONG
"06"|"1A1F"|YONIF 613 /RAJA ALAM
"06"|"1A2A"|BRIGIF 24 /BULUNGAN CAKTI
"06"|"1A2B"|YONIF 621 /MANUNTUNG
"06"|"1A2C"|YONIF 623 /BHAKTI WIRA UTAMA
"06"|"1A3A"|BRIGIF TP 32 /MANGKALIHAT
"06"|"1A3B"|YONIF TP 879 /RANGKOK CAKTI ALAMAT
"06"|"1A3C"|YONIF TP 880 /BANUANTA
"06"|"1A3D"|YONIF TP 881 /BARATAMA DHARMA
"06"|"1A5A"|BRIGIF TP 85 /BENUO TAKA CAKTI
"06"|"1A5B"|YONIF TP 826 /BENUA TAKA BEKERAI
"06"|"1A5C"|YONIF TP 827 /MAHAKAM CAKTI YUDHA
"06"|"1B0C"|YONKAV 13 /SATYA LEMBUSWANA
"06"|"1B0D"|KIKAV 13 /MTC
"06"|"1C0C"|YONARMED 18 /BURITKANG
"06"|"1D0E"|YONARHANUD 7 /AGNI BALA CAKTI DAM VI /MLW
"06"|"1E0D"|YON ZIPUR 17 /AD
"06"|"2Z1A"|KOREM 091 /AJISURYANATAKUSUMA
"06"|"2Z1B"|KODIM 0901 /SAMARINDA REM 091
"06"|"2Z1C"|KODIM 0902 /TRD REM 091
"06"|"2Z1E"|KODIM 0904 /PASER REM 091
"06"|"2Z1F"|KODIM 0905 /BPP
"06"|"2Z1G"|KODIM 0906 /KUTAI KARTANEGARA REM 091
"06"|"2Z1J"|KODIM 0908 /BONTANG REM 091
"06"|"2Z1K"|KODIM 0909 /KUTAI TIMUR REM 091
"06"|"2Z1N"|KODIM 0912 /KUTAI BARAT
"06"|"2Z1O"|KODIM 0913 /PPU REM 091
"06"|"2Z3A"|KOREM 092 /MAHARAJALILA
"06"|"2Z3B"|KODIM 0903 /BULUNGAN REM 092
"06"|"2Z3C"|KODIM 0907 /TARAKAN REM 092 /MAHARAJALILA
"06"|"2Z3D"|KODIM 0910 /MALINAU REM 092
"06"|"2Z3E"|KODIM 0911 /NUNUKAN REM 092
"06"|"2Z3F"|KODIM 0914 /TANA TIDUNG REM 092
"06"|"3U0B"|DENINTELDAM VI /MLW
"06"|"4A0B"|RINDAM VI /MLW
"06"|"4E0B"|ZIDAM VI /MLW
"06"|"4F0B"|POMDAM VI /MLW
"06"|"4G0B"|BEKANGDAM VI /MLW
"06"|"4H0B"|KUMDAM VI /MLW
"06"|"4K0B"|KESDAM VI /MLW
"06"|"4L0B"|PENDAM VI /MLW
"06"|"4M0B"|PALDAM VI /MLW
"06"|"4N0B"|HUBDAM VI /MLW
"06"|"4P0B"|AJENDAM VI /MLW
"06"|"4P0D"|BABINMINVETCADDAM VI /MLW
"06"|"4Q0B"|KUDAM VI /MLW
"06"|"4R0B"|TOPDAM VI /MLW
"06"|"4S0B"|BINTALJARAHDAM VI /MLW
"06"|"4T0B"|INFOLAHTADAM VI /MLW
"06"|"4W0B"|JASDAM VI /MLW
"06"|"4Z0A"|DENMADAM VI /MLW
"08"|"1A1A"|BRIGIF 26 /GURANA PIARAWAIMO
"08"|"1A2B"|YONIF 762 /VIRA YUDHA SAKTI
"08"|"1A3B"|YONIF 764 /IAMBA BAUA
"08"|"1A4B"|YONIF 761 /KIBIBOR AKINTING
"08"|"1A5B"|YONIF 763 /SANETIA BUERAMA AMOR
"08"|"1A6B"|YONIF 805 /KSATRIA SATYA WANINGGAP
"08"|"1A7A"|BRIGIF TP 84 /UGOR ABIRESO
"08"|"1A7B"|YONIF TP 806 /SATYA INYOMUSI
"08"|"1A7C"|YONIF TP 807 /MULUK NANSA MAMBRI
"08"|"1A7D"|YONIF TP 808 /MBAHAM MATTA
"08"|"1A7E"|YONIF TP 862 /URE WARA
"08"|"1A7F"|YONIF TP 864 /NANE NAMBAE
"08"|"1A8B"|YONIF TP 863 /BEMAMBE BATHUN
"08"|"1E0B"|YONZIPUR 20 /PPA
"08"|"2Z0B"|KODIM 1801 /MANOKWARI
"08"|"2Z1A"|KOREM 181 /PVT
"08"|"2Z1C"|KODIM 1802 /SORONG REM 181
"08"|"2Z1G"|KODIM 1805 /RAJA AMPAT REM 181
"08"|"2Z1I"|KODIM 1807 /SORONG SELATAN
"08"|"2Z1J"|KODIM 1809 /MAYBRAT REM 181
"08"|"2Z1K"|KODIM 1810 /TAMBRAUW
"08"|"2Z2A"|KOREM 182 /JAZIRA ONIM
"08"|"2Z2B"|KODIM 1808 /MANOKWARI SELATAN
"08"|"2Z2C"|KODIM 1804 /KAIMANA REM 182 /JAZIRA ONIM
"08"|"2Z2D"|KODIM 1803 /FAK FAK REM 182 /JAZIRA ONIM
"08"|"2Z2E"|KODIM 1806 /TELUK BINTUNI REM 182 /JAZIRA ONIM
"08"|"2Z2F"|KODIM 1811 /TELUK WONDAMA REM 182 /JAZIRA ONIM
"08"|"2Z2G"|KODIM 1812 /PEGUNUNGAN ARFAK REM 182 /JAZIRA ONIM
"08"|"3U0B"|DENINTELDAM XVIII /KSR
"08"|"4A0B"|RINDAM XVIII /KSR
"08"|"4E0B"|ZIDAM XVIII /KSR
"08"|"4F0B"|POMDAM XVIII /KSR
"08"|"4G0B"|BEKANGDAM XVIII /KSR
"08"|"4H0B"|KUMDAM XVIII /KSR
"08"|"4K0B"|KESDAM XVIII /KSR
"08"|"4L0B"|PENDAM XVIII /KSR
"08"|"4M0B"|PALDAM XVIII /KSR
"08"|"4N0B"|HUBDAM XVIII /KSR
"08"|"4P0B"|AJENDAM XVIII /KSR
"08"|"4P0D"|BABINMINVETCADDAM XVIII /KSR
"08"|"4Q0B"|KUDAM XVIII /KSR
"08"|"4R0B"|TOPDAM XVIII /KSR
"08"|"4S0B"|BINTALJARAHDAM XVIII /KSR
"08"|"4T0B"|INFOLAHTADAM XVIII /KSR
"08"|"4U0B"|SANSIDAM XVIII /KSR
"08"|"4W0B"|JASDAM XVIII /KSR
"08"|"4Z0A"|DENMADAM XVIII /KSR
"09"|"1A1A"|BRIGIF 21 /KOMODO
"09"|"1A1B"|YONIF 744 /SATYA YUDHA BHAKTI
"09"|"1A2A"|BRIGIF TP 31 /PERISAI SAKTI
"09"|"1A2B"|YONIF 742 /SATYA WIRA YUDHA
"09"|"1A2C"|YONIF TP 875 /SANGGA YUDHA PERKASA
"09"|"1A2D"|YONIF TP 876 /PA AING LA URRA TANA
"09"|"1A2E"|YONIF TP 877 /BIINMAFFO
"09"|"1A3B"|YONIF 900 /SATYA BHAKTI WIROTTAMA
"09"|"1A4B"|YONIF 743 /PRADNYA SAMAPTA YUDHA
"09"|"1A5B"|YONIF TP 834 /WAKANGA MERE
"09"|"1A5C"|YONIF TP 835 /SAMOTA YUDHA BHAKTI
"09"|"1A6B"|YONIF 741 /GARUDA NUSANTARA
"09"|"1B0C"|KIKAV KOMODO KSATRIA ANURAGA
"09"|"1B0D"|DENKAV 4 /SIMHA PASUPATI
"09"|"1C0B"|YONARMED 20 /BHADIKA YUDHA
"09"|"1D0B"|YONARHANUD 9 /ANGKASA WIDYA JAYANTA
"09"|"1E0B"|YONZIPUR 18 /YUDHA KARYA RAKSAKA
"09"|"2Z1A"|KOREM 161 /WIRA SAKTI
"09"|"2Z1B"|KODIM 1601 /SUMBA TIMUR REM 161
"09"|"2Z1C"|KODIM 1602 /ENDE REM 161
"09"|"2Z1D"|KODIM 1603 /SIKKA REM 161
"09"|"2Z1E"|KODIM 1604 /KUPANG REM 161
"09"|"2Z1F"|KODIM 1605 /BELU REM 161
"09"|"2Z1G"|KODIM 1624 /FLORES TIMUR REM 161
"09"|"2Z1H"|KODIM 1625 /NGADA REM 161
"09"|"2Z1I"|KODIM 1627 /ROTE NDAO REM 161
"09"|"2Z1J"|KODIM 1612 /MANGGARAI REM 161
"09"|"2Z1K"|KODIM 1613 /SUMBA BARAT REM 161
"09"|"2Z1L"|KODIM 1618 /TIMOR TIMUR UTARA REM 161
"09"|"2Z1M"|KODIM 1621 /TIMOR TIMUR SELATAN REM 161
"09"|"2Z1N"|KODIM 1622 /ALOR REM 161
"09"|"2Z1O"|KODIM 1629 /SUMBA BARAT DAYA REM 161
"09"|"2Z1P"|KODIM 1630 /MANGGARAI BARAT REM 161
"09"|"2Z2A"|KOREM 162 /WIRA BHAKTI
"09"|"2Z2B"|KODIM 1606 /MATARAM REM 162
"09"|"2Z2C"|KODIM 1607 /SUMBAWA REM 162
"09"|"2Z2D"|KODIM 1608 /BIMA REM 162
"09"|"2Z2E"|KODIM 1614 /DOMPU REM 162
"09"|"2Z2F"|KODIM 1615 /LOMBOK TIMUR REM 162
"09"|"2Z2G"|KODIM 1620 /LOMBOK TENGAH REM 162
"09"|"2Z2H"|KODIM 1628 /SUMBAWA BARAT
"09"|"2Z3A"|KOREM 163 /WIRA SATYA
"09"|"2Z3B"|KODIM 1609 /BULELENG REM 163
"09"|"2Z3C"|KODIM 1610 /KLUNGKUNG REM 163
"09"|"2Z3D"|KODIM 1611 /BADUNG REM 163
"09"|"2Z3E"|KODIM 1616 /GIANYAR REM 163
"09"|"2Z3F"|KODIM 1617 /JEMBRANA REM 163
"09"|"2Z3G"|KODIM 1619 /TABANAN REM 163
"09"|"2Z3H"|KODIM 1623 /KARANG ASEM REM 163
"09"|"2Z3J"|KODIM 1626 /BANGLI REM 163
"09"|"3U0B"|DENINTELDAM IX /UDY
"09"|"4A0B"|RINDAM IX /UDY
"09"|"4E0B"|ZIDAM IX /UDY
"09"|"4F0B"|POMDAM IX /UDY
"09"|"4G0B"|BEKANGDAM IX /UDY
"09"|"4H0B"|KUMDAM IX /UDY
"09"|"4K0B"|KESDAM IX /UDY
"09"|"4L0B"|PENDAM IX /UDY
"09"|"4M0B"|PALDAM IX /UDY
"09"|"4N0B"|HUBDAM IX /UDY
"09"|"4P0B"|AJENDAM IX /UDY
"09"|"4P0D"|BABINMINVETCADDAM IX /UDY
"09"|"4Q0B"|KUDAM IX /UDY
"09"|"4R0B"|TOPDAM IX /UDY
"09"|"4S0B"|BINTALJARAHDAM IX /UDY
"09"|"4T0B"|INFOLAHTADAM IX /UDY
"09"|"4W0B"|JASDAM IX /UDY
"09"|"4Z0A"|DENMADAM IX /UDY
"10"|"1A1A"|BRIGIF 25 /SIWAH
"10"|"1A1B"|YONIF 111 /KARMA BHAKTI
"10"|"1A1C"|YONIF 113 /JAYA SAKTI
"10"|"1A1D"|YONIF 114 /SATRIA MUSARA
"10"|"1A1E"|YONIF 117 /KSATRIA YUDHA
"10"|"1A2B"|YONIF 112 /DHARMA JAYA
"10"|"1A2C"|YONIF 115 /MACAN LEUSER
"10"|"1A2D"|YONIF 116 /GARDA SAMUDERA
"10"|"1A5A"|BRIGIF 90 /YUDHA GIRI DHANU
"10"|"1A5B"|YONIF TP 853 / BAWAR REJE BUR
"10"|"1A5C"|YONIF TP 854 / DHARMA KERSAKA
"10"|"1A5D"|YONIF TP 855 /RAKSAKA DHARMA
"10"|"1A5E"|YONIF TP 856 /SATRIA BUMI SAKTI
"10"|"1A5F"|YONIF TP 857 /GANA GAJAHROSA
"10"|"1B0B"|YONKAV 11 /MSC
"10"|"1B0C"|KIKAV 11 WSC
"10"|"1C0B"|YONARMED 17 /RENCONG CAKTI
"10"|"1D0E"|YONARHANUD 5 /CIGRA SATRIA BUANA YUDHA DAM IM
"10"|"1E0C"|YONZIPUR 16 /DA
"10"|"2Z0B"|KODIM 0101 /KOTA BANDA ACEH
"10"|"2Z1A"|KOREM 011 /LILAWANGSA
"10"|"2Z1B"|KODIM 0102 /PIDIE REM 011
"10"|"2Z1C"|KODIM 0103 /AUT REM 011
"10"|"2Z1D"|KODIM 0104 /ATIM REM 011
"10"|"2Z1E"|KODIM 0106 /ATENG REM 011
"10"|"2Z1F"|KODIM 0108 /AGARA REM 011
"10"|"2Z1G"|KODIM 0111 /BIREUEN REM 011
"10"|"2Z1H"|KODIM 0113 /GALUS REM 011
"10"|"2Z1I"|KODIM 0117 /ACEH TAMIANG REM 011
"10"|"2Z1J"|KODIM 0119 /BENER MERIAH REM 011
"10"|"2Z2A"|KOREM 012 /TEUKU UMAR
"10"|"2Z2C"|KODIM 0105 /ABAR REM 012
"10"|"2Z2D"|KODIM 0107 /ASEL REM 012
"10"|"2Z2E"|KODIM 0109 /ACEH SINGKIL REM 012
"10"|"2Z2F"|KODIM 0110 /ABDYA REM 012
"10"|"2Z2G"|KODIM 0112 /SABANG REM 012
"10"|"2Z2H"|KODIM 0114 /AJAYA REM 012
"10"|"2Z2J"|KODIM 0115 /SIMEULUE REM 012
"10"|"2Z2K"|KODIM 0118 /SUBULUSSALAM REM 012
"10"|"2Z2L"|KODIM 0116 /NAGAN RAYA REM 012
"10"|"3U0B"|DENINTELDAM IM
"10"|"4A0B"|RINDAM IM
"10"|"4A0C"|SECATA RINDAM IM
"10"|"4E0B"|ZIDAM IM
"10"|"4F0B"|POMDAM IM
"10"|"4G0B"|BEKANGDAM IM
"10"|"4H0B"|KUMDAM IM
"10"|"4K0B"|KESDAM IM
"10"|"4L0B"|PENDAM IM
"10"|"4M0B"|PALDAM IM
"10"|"4N0B"|HUBDAM IM
"10"|"4P0B"|AJENDAM IM
"10"|"4P0D"|BABINMINVETCADDAM IM
"10"|"4Q0B"|KUDAM IM
"10"|"4R0B"|TOPDAM IM
"10"|"4S0B"|BINTALJARAHDAM IM
"10"|"4T0B"|INFOLAHTADAM IM
"10"|"4U0B"|SANSIDAM IM
"10"|"4W0B"|JASDAM IM
"10"|"4Z0A"|DENMADAM IM
"12"|"1A1A"|BRIGIF 19 /KHATULISTIWA
"12"|"1A1B"|YONIF 641 /BERUANG
"12"|"1A1C"|YONIF 642 /KAPUAS
"12"|"1A1D"|YONIF 644 /WALET SAKTI
"12"|"1A2B"|YONIF 643 /WANARA SAKTI
"12"|"1A3B"|YONIF TP 832 /PAWAN ASASTA
"12"|"1A3C"|YONIF TP 833 /BUMI DARANANTE
"12"|"1A3D"|YONIF TP 882 /HULU BALANG
"12"|"1A7E"|YONIF 645 /GARDATAMA YUDHA
"12"|"1B0C"|YONKAV 12 /BERUANG CAKTI
"12"|"1B0D"|KIKAV 12 /MACAN DAHAN CAKTI
"12"|"1C0B"|YONARMED 16 /TUMBAK KAPUTING
"12"|"1E0B"|YONZIPUR 6 /SATYA DIGDAYA
"12"|"2Z0B"|KODIM 1207 /PONTIANAK
"12"|"2Z2A"|KOREM 121 /ALABHANA WANAWAI
"12"|"2Z2B"|KODIM 1201 /MEMPAWAH REM 121
"12"|"2Z2C"|KODIM 1202 /SINGKAWANG REM 121
"12"|"2Z2D"|KODIM 1203 /KETAPANG REM 121
"12"|"2Z2E"|KODIM 1204 /SANGGAU REM 121
"12"|"2Z2F"|KODIM 1205 /SINTANG REM 121
"12"|"2Z2G"|KODIM 1206 /PUTUSSIBAU REM 121
"12"|"2Z2I"|KODIM 1208 /SAMBAS REM 121
"12"|"2Z2J"|KODIM 1209 /BENGKAYANG REM 121 /ABW DAM XII /TPR
"12"|"2Z2K"|KODIM 1210 /LANDAK REM 121 /ABW DAM XII /TPR
"12"|"3U0B"|DENINTELDAM XII /TPR
"12"|"4A0B"|RINDAM XII /TPR
"12"|"4E0B"|ZIDAM XII /TPR
"12"|"4F0B"|POMDAM XII /TPR
"12"|"4G0B"|BEKANGDAM XII /TPR
"12"|"4H0B"|KUMDAM XII/TPR
"12"|"4K0B"|KESDAM XII /TPR
"12"|"4L0B"|PENDAM XII /TPR
"12"|"4M0B"|PALDAM XII /TPR
"12"|"4N0B"|KOMLEKDAM XII /TPR
"12"|"4P0B"|AJENDAM XII /TPR
"12"|"4P0D"|BABINMINVETCADDAM XII /TPR
"12"|"4Q0B"|KUDAM XII /TPR
"12"|"4R0B"|TOPDAM XII /TPR
"12"|"4S0B"|BINTALJARAHDAM XII /TPR
"12"|"4T0B"|INFOLAHTADAM XII /TPR
"12"|"4W0B"|JASDAM XII /TPR
"12"|"4Z0A"|DENMADAM XII /TPR
"13"|"1A1B"|YONIF 712 /WIRATAMA
"13"|"1A1C"|YONIF 713 /SATYATAMA
"13"|"1A2D"|YONIF 715 /MOTULIATO
"13"|"1A3B"|YONIF TP 824 /MOE`A
"13"|"1A4A"|BRIGIF 22 /OTA MANASA
"13"|"1A4B"|YONIF TP 868 /BANTONG SAKTI
"13"|"1B0C"|KIKAV 10 /MANGUNI SETIA CAKTI
"13"|"1C0C"|YONARMED 19 /BOGANI
"13"|"1E0B"|YONZIPUR 19 /YKN
"13"|"2Z1A"|KOREM 131 /SANTIAGO
"13"|"2Z1B"|KODIM 1301 /SANGIHE REM 131 /STG DAM XIII /MDK
"13"|"2Z1C"|KODIM 1302 /MINAHASA REM 131
"13"|"2Z1D"|KODIM 1303 /BOLMONG REM 131
"13"|"2Z1F"|KODIM 1309 /MANADO REM 131
"13"|"2Z1G"|KODIM 1310 /BITUNG REM 131
"13"|"2Z1H"|KODIM 1312  /TALAUD REM 131
"13"|"2Z3A"|KOREM 133 /NANI WARTABONE
"13"|"2Z3B"|KODIM 1313 /POHUWATO
"13"|"2Z3C"|KODIM 1314 /GORUT
"13"|"2Z3D"|KODIM 1315 /KAB. GORONTALO KOREM 133 /NANI WARTABONE DAM XIII /MDK
"13"|"2Z3E"|KODIM 1304 /GORONTALO REM 133 /NANI WARABONE
"13"|"2Z3F"|KODIM 1316 /BOALEMO KOREM 133 /NANI WARTABONE DAM XIII /MDK
"13"|"3U0B"|DENINTELDAM XIII /MDK
"13"|"4A0B"|RINDAM XIII /MDK
"13"|"4E0B"|ZIDAM XIII /MDK
"13"|"4F0B"|POMDAM XIII /MDK
"13"|"4G0B"|BEKANGDAM XIII /MDK
"13"|"4H0B"|KUMDAM XIII /MDK
"13"|"4K0B"|KESDAM XIII /MDK
"13"|"4L0B"|PENDAM XIII /MDK
"13"|"4M0B"|PALDAM XIII /MDK
"13"|"4N0B"|HUBDAM XIII /MDK
"13"|"4P0B"|AJENDAM XIII /MDK
"13"|"4P0D"|BABINMINVETCADDAM XIII /MDK
"13"|"4Q0B"|KUDAM XIII /MDK
"13"|"4R0B"|TOPDAM XIII /MDK
"13"|"4S0B"|BINTALJARAHDAM XIII /MDK
"13"|"4T0B"|INFOLAHTADAM XIII /MDK
"13"|"4W0B"|JASDAM XIII /MDK
"13"|"4Z0A"|DENMADAM XIII /MDK
"14"|"1A0B"|YONIF 700 /WIRA YUDHA CAKTI
"14"|"1A1A"|BRIGIF 11 /BADIK SAKTI
"14"|"1A1B"|YONIF TP 872 /ANDI DJEMMA
"14"|"1A2A"|BRIGIF TP 29 /MEKONGGA
"14"|"1A2B"|YONIF TP 823 /RAJA WAKAAKA
"14"|"1A2C"|YONIF TP 869/TAAWU
"14"|"1A2D"|YONIF TP 870 /SANGIA WAMBULU
"14"|"1A2E"|YONIF TP 871/LA MAINDO
"14"|"1A3B"|YONIF 726 /TAMALATEA
"14"|"1A4B"|YONIF 721 /MAKKASAU
"14"|"1A5B"|YONIF 725 /WOROAGI
"14"|"1B0B"|YONKAV 10 /MENDAGIRI
"14"|"1C0B"|YONARMED 21 /KAWALI
"14"|"1D0C"|YONARHANUD 4 /ARAKATA AKASA YUDHAKA
"14"|"1E0B"|YON ZIPUR 8 /SMG
"14"|"2Z0B"|KODIM 1408 /MAKASSAR
"14"|"2Z3A"|KOREM 141 /TODDOPULI
"14"|"2Z3B"|KODIM 1406 /WAJO REM 141
"14"|"2Z3C"|KODIM 1407 /BONE REM 141
"14"|"2Z3D"|KODIM 1409 /GOWA REM 141
"14"|"2Z3E"|KODIM 1410 /BANTAENG REM 141
"14"|"2Z3F"|KODIM 1411 /BULUKUMBA REM 141
"14"|"2Z3G"|KODIM 1415 /SELAYAR REM 141
"14"|"2Z3H"|KODIM 1422 /MAROS REM 141
"14"|"2Z3J"|KODIM 1423 /SOPPENG REM 141
"14"|"2Z3K"|KODIM 1424 /SINJAI REM 141
"14"|"2Z3L"|KODIM 1425 /JENEPONTO REM 141
"14"|"2Z3M"|KODIM 1426 /TAKALAR REM 141
"14"|"2Z3N"|KODIM 1403 /PALOPO REM 141 /TODOPULI
"14"|"2Z3O"|KODIM 1404 /PINRANG REM 141 /TODOPULI
"14"|"2Z3P"|KODIM 1405 /PAREPARE REM 141 /TODOPULI
"14"|"2Z3Q"|KODIM 1414 /TATOR REM 141 /TODOPULI
"14"|"2Z3R"|KODIM 1419 /ENREKANG REM 141 /TODOPULI
"14"|"2Z3S"|KODIM 1420 /SIDRAP REM 141 /TODOPULI
"14"|"2Z3T"|KODIM 1421 /PANGKEP REM 141 /TODOPULI
"14"|"2Z5A"|KOREM 143 /HALUOLEO
"14"|"2Z5B"|KODIM 1412 /KOLAKA REM 143
"14"|"2Z5C"|KODIM 1413 /BUTON REM 143
"14"|"2Z5D"|KODIM 1416 /MUNA REM 143
"14"|"2Z5E"|KODIM 1417 /KENDARI REM 143
"14"|"2Z5F"|KODIM 1429 /BUTON UTARA REM 143
"14"|"2Z5H"|KODIM 1431 /BOMBANA REM 143 /HALU OLEO DAM XIV /HSN
"14"|"2Z6G"|KODIM 1430 /KONAWE UTARA REM 143 /HO DAM XIV /HSN
"14"|"3U0B"|DENINTELDAM XIV /HSN
"14"|"4A0B"|RINDAM XIV /HSN
"14"|"4E0B"|ZIDAM XIV /HSN
"14"|"4F0B"|POMDAM XIV /HSN
"14"|"4G0B"|BEKANGDAM XIV /HSN
"14"|"4H0B"|KUMDAM XIV /HSN
"14"|"4K0B"|KESDAM XIV /HSN
"14"|"4L0B"|PENDAM XIV /HSN
"14"|"4M0B"|PALDAM XIV /HSN
"14"|"4N0B"|HUBDAM XIV /HSN
"14"|"4P0B"|AJENDAM XIV /HSN
"14"|"4P0D"|BABINMINVETCADDAM XIV /HSN
"14"|"4Q0B"|KUDAM XIV /HSN
"14"|"4R0B"|TOPDAM XIV /HSN
"14"|"4S0B"|BINTALJARAHDAM XIV /HSN
"14"|"4T0B"|INFOLAHTADAM XIV /HSN
"14"|"4U0B"|SANSIDAM XIV /HSN
"14"|"4W0B"|JASDAM XIV /HSN
"14"|"4Z0A"|DENMADAM XIV /HSN
"14"|"4Z0B"|ITDAM XIV /HSN
"15"|"1A1A"|BRIGIF 1 /JAYA SAKTI
"15"|"1A1B"|YONIF 203 /ARYA KAMUNING
"15"|"1A1C"|YONIF MEKANIS 202 /TAJI MALELA
"15"|"1A1D"|YONIF MEKANIS 201 /JAYA YUDHA
"15"|"1A2B"|YONIF TP 843 /PATRIOT YUDHA VIKASA
"15"|"1A2C"|YONIF TP 899 /BATA SATYA GARDAPATI
"15"|"1B0B"|YONKAV 7 /PRAGOSA SATYA
"15"|"1B0C"|YONKAV 9 /SATYA DHARMA KALA BRIGKAV 1 /LA KODAM JAYA
"15"|"1B1A"|BRIGKAV 1 /LIMPUNG ALUGORO
"15"|"1C0B"|YONARMED 7 /BIRINGGALIH
"15"|"1D1A"|MEN ARHANUD 1 /FALATEHAN
"15"|"1D1B"|YONARHANUD 6 /BAY/1 /F
"15"|"1D1C"|YONARHANUD 10 /AGHNI BHUANA CAKTI
"15"|"1D1D"|DENARHANUD 003 /AKASA RAKCA KSATRYA
"15"|"1E0B"|DENZIPUR 3 /ATD
"15"|"1E0C"|YON ZIPUR 11 /DW
"15"|"2Z0B"|KODIM 0501 /JAKARTA PUSAT
"15"|"2Z1A"|KOREM 051 /WIJAYAKARTA
"15"|"2Z1B"|KODIM 0504 /JAKARTA SELATAN REM 051
"15"|"2Z1C"|KODIM 0505 /JAKARTA TIMUR REM 051
"15"|"2Z1D"|KODIM 0507 /BEKASI KOTA REM 051
"15"|"2Z1E"|KODIM 0508 /DEPOK REM 051
"15"|"2Z1F"|KODIM 0509 /KAB BEKASI REM 051
"15"|"2Z2A"|KOREM 052 /WIJAYAKRAMA
"15"|"2Z2B"|KODIM 0502 /JAKARTA UTARA REM 052
"15"|"2Z2C"|KODIM 0503 /JAKARTA BARAT REM 052
"15"|"2Z2D"|KODIM 0506 /TANGERANG REM 052
"15"|"2Z2E"|KODIM 0510 /TIGARAKSA REM 052
"15"|"3U0B"|DENINTELDAM JAYA
"15"|"4A0B"|RINDAM JAYA
"15"|"4E0B"|ZIDAM JAYA
"15"|"4F0B"|POMDAM JAYA
"15"|"4G0B"|BEKANGDAM JAYA
"15"|"4H0B"|KUMDAM JAYA
"15"|"4K0B"|KESDAM JAYA
"15"|"4L0B"|PENDAM JAYA
"15"|"4M0B"|PALDAM JAYA
"15"|"4N0B"|HUBDAM JAYA
"15"|"4P0B"|AJENDAM JAYA
"15"|"4P0D"|BABINMINVETCADDAM JAYA
"15"|"4Q0B"|KUDAM JAYA
"15"|"4R0B"|TOPDAM JAYA
"15"|"4S0B"|BINTALJARAHDAM JAYA
"15"|"4T0B"|INFOLAHTADAM JAYA
"15"|"4U0B"|SANSIDAM JAYA
"15"|"4W0B"|JASDAM JAYA
"15"|"4Z0A"|DENMADAM JAYA
"16"|"1A0B"|YONIF 733 /MASARIKU
"16"|"1A1A"|BRIGIF 27 /NUSA INA
"16"|"1A1B"|YONIF 731 /KABARESI
"16"|"1A1C"|YONIF 732 /BANAU
"16"|"1A1D"|YONIF 734 /SATRIA NUSA SAMUDERA
"16"|"1A1E"|YONIF 735 /NAWASENA BRIGIF 27 / NUSA INA DAM XV /PTM
"16"|"1A2B"|YONIF TP 821 /SATRIA BAPOLO
"16"|"1A2C"|YONIF TP 822 /SATRIA MAGAWE
"16"|"1A3A"|BRIGIF TP 28 /BARI FOLA
"16"|"1A3B"|YONIF TP 865 /SATRIA MANIWATA
"16"|"1A3C"|YONIF TP 866 /SATRIA GAMRANGE
"16"|"1A3D"|YONIF TP 867 /SATRIA MANGGASA
"16"|"1B0B"|DEN KAV 5 /BIRGUS LATRO CAKTI
"16"|"1E0D"|DEN ZIPUR 5 /CMG
"16"|"2Z1A"|KOREM 151 /BINAIYA
"16"|"2Z1C"|KODIM 1502 /MASOHI REM 151
"16"|"2Z1D"|KODIM 1503 /TUAL REM 151
"16"|"2Z1E"|KODIM 1504 /PULAU AMBON DAM XV /PTM
"16"|"2Z1F"|KODIM 1506 /NAMLEA REM 151
"16"|"2Z1G"|KODIM 1507 /SAUMLAKI REM 151
"16"|"2Z1H"|KODIM 1511 /PULAU MOA REM 151
"16"|"2Z1I"|KODIM 1513 /SERAM BAGIAN BARAT KOREM 151 /BINAIYA DAM XV /PTM
"16"|"2Z2A"|KOREM 152 /BABULLAH
"16"|"2Z2B"|KODIM 1501 /TERNATE REM 152
"16"|"2Z2C"|KODIM 1505 /TIDORE REM 152
"16"|"2Z2D"|KODIM 1508 /TOBELO REM 152
"16"|"2Z2E"|KODIM 1509 /LABUHA REM 152
"16"|"2Z2F"|KODIM 1510 /SULA REM 152
"16"|"2Z2G"|KODIM 1512 /WEDA REM 152
"16"|"2Z2H"|KODIM 1514 /MOROTAI KOREM 152 /BAABULLAH DAM XV /PTM
"16"|"3U0B"|DENINTELDAM XV /PTM
"16"|"4A0B"|RINDAM XV /PTM
"16"|"4E0B"|ZIDAM XV /PTM
"16"|"4F0B"|POMDAM XV /PTM
"16"|"4G0B"|BEKANGDAM XV /PTM
"16"|"4H0B"|KUMDAM XV /PTM
"16"|"4K0B"|KESDAM XV /PTM
"16"|"4L0B"|PENDAM XV /PTM
"16"|"4M0B"|PALDAM XV /PTM
"16"|"4N0B"|HUBDAM XV / PTM
"16"|"4P0B"|AJENDAM XV /PTM
"16"|"4P0D"|BABIMINVETCADDAM XV /PTM
"16"|"4Q0B"|KUDAM XV /PTM
"16"|"4R0B"|TOPDAM XV /PTM
"16"|"4S0B"|BINTALJARAHDAM XV /PTM
"16"|"4T0B"|INFOLAHTADAM XV /PTM
"16"|"4U0B"|SANSIDAM XV /PTM
"16"|"4W0B"|JASDAM XV /PTM
"16"|"4Z0A"|DENMADAM XV /PTM
"16"|"4Z0B"|ITDAM XV /PTM
"17"|"1A1D"|YONIF 756 /WIMANE SILI
"17"|"1A2C"|YONIF 751 /VIRA JAYA SAKTI
"17"|"1A2D"|YONIF TP 815 /WOR GUR TASEM
"17"|"1A3B"|YONIF 753 /ARGA VIRA TAMA
"17"|"1A4A"|BRIGIF TP 80 /KURARE
"17"|"1A4B"|YONIF TP 809 /NANIBARYE TEMTO MAUU
"17"|"1A4C"|YONIF TP 810 /BEYEA EMARE MEMARE
"17"|"1A4D"|YONIF TP 813 /ARWEYANI
"17"|"1A4E"|YONIF TP 814 /JANA ZINI AIRISNI
"17"|"1A4F"|YONIF TP 816 /DORUKA
"17"|"1A5A"|BRIGIF TP 82 /WUYOU KORAKO BIDAO
"17"|"1A5B"|YONIF TP 820 /DARO AINOKO ARPA IKIMAMONOKU
"17"|"1A5C"|YONIF TP 858 /MAMBI SOPANI BEMGAKBA
"17"|"1A5D"|YONIF TP 859 /RAKNAMUN BEBRIWAREK KAWASA
"17"|"1A5E"|YONIF TP 860 /NDI SOWOSIO KORAKO
"17"|"1A6B"|YONIF 804 /DHARMA BHAKTI ASASTA YUDHA
"17"|"1B0B"|DENKAV 3 /SRIGALA CETA
"17"|"1E0C"|DENZIPUR 10 DAM XVII /CEN
"17"|"1E0E"|DENZIPUR 12
"17"|"2Z1E"|KODIM 1710 /MIMIKA REM 173
"17"|"2Z2A"|KOREM 172 /PRAJA WIRA YAKTI
"17"|"2Z2B"|KODIM 1701 /JAYAPURA REM 172
"17"|"2Z2C"|KODIM 1702 /JAYAWIJAYA REM 172
"17"|"2Z2F"|KODIM 1712 /SARMI REM 172
"17"|"2Z2I"|KODIM 1715 /YAHUKIMO REM 172
"17"|"2Z2J"|KODIM 1706 /NDUGA REM 172
"17"|"2Z2K"|KODIM 1713 /LANNY JAYA REM 172
"17"|"2Z2L"|KODIM 1716 /TOLIKARA REM 172
"17"|"2Z3A"|KOREM 173 /PRAJA VIRA BRAJA
"17"|"2Z3B"|KODIM 1705 /NABIRE REM 173
"17"|"2Z3C"|KODIM 1708 /BINUM REM 172
"17"|"2Z3D"|KODIM 1709 /YAPEN WAROPEN REM 172
"17"|"2Z3E"|KODIM 1714 /PUNCAK JAYA REM 173
"17"|"2Z3F"|KODIM 1703 /DEIYAI REM 173
"17"|"2Z3G"|KODIM 1717 /PUNCAK REM 173 /PVB
"17"|"2Z3H"|KODIM 1718 /INTAN JAYA REM 173 /PVB
"17"|"3U0B"|DENINTELDAM XVII /CEN
"17"|"4A0B"|RINDAM XVII /CEN
"17"|"4A0C"|DODIKLATPUR RINDAM XVII /CEN
"17"|"4A0D"|SECATA A RINDAM XVII /CEN
"17"|"4A0E"|SECABA RINDAM XVII /CEN
"17"|"4E0B"|ZIDAM XVII /CEN
"17"|"4F0B"|POMDAM XVII /CEN
"17"|"4G0B"|BEKANGDAM XVII /CEN
"17"|"4H0B"|KUMDAM XVII /CEN
"17"|"4K0B"|KESDAM XVII /CEN
"17"|"4L0B"|PENDAM XVII /CEN
"17"|"4M0B"|PALDAM XVII /CEN
"17"|"4N0B"|HUBDAM XVII /CEN
"17"|"4P0B"|AJENDAM XVII /CEN
"17"|"4P0D"|BABINMINVETCADDAM XVII /CEN
"17"|"4Q0B"|KUDAM XVII /CEN
"17"|"4R0B"|TOPDAM XVII /CEN
"17"|"4S0B"|BINTALJARAHDAM XVII /CEN
"17"|"4T0B"|INFOLAHTADAM XVII /CEN
"17"|"4U0B"|SANSIDAM XVII /CEN
"17"|"4W0B"|JASDAM XVII /CEN
"17"|"4Z0A"|DENMADAM XVII /CEN
"17"|"4Z0B"|ITDAM XVII /CEN
"18"|"1A1C"|GRUP 1 KOPASSUS
"18"|"1A1D"|GRUP 2 KOPASSUS
"18"|"1A1E"|GRUP 3 KOPASSUS
"18"|"1A1F"|SAT 81 KOPASSUS
"18"|"1A1G"|GRUP 4 KOPASSUS
"18"|"1A1H"|GRUP 5 KOPASSUS
"18"|"1A1I"|GRUP 6 KOPASSUS
"18"|"1A1J"|SAT 71 KOPASSUS
"18"|"4Z0A"|MAKOPASSUS
"18"|"4Z0B"|PUSDIKLATPASSUS KOPASSUS
"19"|"1A0A"|MADIVIF 1 /PRAKASA VIRA GUPTI
"19"|"1A1A"|BRIGIF 17 /SAKTI BUDI BAKTI
"19"|"1A1B"|YONIF 305 /TENGKORAK
"19"|"1A1C"|YONIF 328 /DIRGAHAYU
"19"|"1A1D"|YONIF 330 /TRI DHARMA
"19"|"1A1E"|YONIF 754 /EMENEME KANGASI
"19"|"1A2A"|BRIGIF 3 /TRI BUDI SAKTI
"19"|"1A2B"|YONIF 431 /SATRIA SETIA PERKASA
"19"|"1A2C"|YONIF 432 /WASPADA SETIA JAYA
"19"|"1A2D"|YONIF 433 /JULU SIRI
"19"|"1A3A"|BRIGIF 13 /GALUH
"19"|"1A3B"|YONIF 303 /SETIA SAMPAI MATI
"19"|"1A3C"|YONIF 321 /GALUH TARUNA
"19"|"1A3D"|YONIF 323 /BUAYA PUTIH
"19"|"1A3G"|BRIGIF 14 /MANDALA YUDHA DIVIF 1 KOSTRAD
"19"|"1A3H"|YONIF 318 /ADHIRAJASA YUDHA BRIGIF 14 /MY DIVIF 1 KOSTRAD
"19"|"1A3I"|YONIF 320 /BADAK PUTIH BRIGIF 14 /MY DIVIF 1 KOSTRAD
"19"|"1A4A"|BRIGIF 20 /IMA JAYA KERAMO
"19"|"1A5A"|MADIVIF 2 /VIRA CAKTI YUDHA
"19"|"1A6A"|BRIGIF 18 /TRISULA
"19"|"1A6B"|YONIF 501 /BAJRA YUDHA
"19"|"1A6C"|YONIF 502 /UJWALA YUDHA
"19"|"1A6D"|YONIF 503 /MAYANGKARA
"19"|"1A7A"|MADIVIF 3 /DARPA CAKTI YUDHA
"19"|"1A8A"|BRIGIF 9 /DHARAKA YUDHA
"19"|"1A8B"|YONIF 509 /BALAWARA YUDHA
"19"|"1A8C"|YONIF 514 /SABADDA YUDHA
"19"|"1A8D"|YONIF 515 /UGRA TAPA YUDHA
"19"|"1A9A"|BRIGIF 6 /TRI SHAKTI BALAJAYA
"19"|"1A9B"|YONIF 411 /PANDAWA DIVIF 2 KOSTRAD
"19"|"1A9C"|YONIF 412 /BHARATA EKA SAKTI
"19"|"1A9D"|YONIF 413 /BREMORO
"19"|"1B0B"|YONKAV 1 /BADAK CETA CAKTI
"19"|"1B0C"|KIKAV 8 /KALA SETIA CAKTI
"19"|"1B0D"|KIKAV 1 /ELANG SETIA CAKTI
"19"|"1B0E"|KIKAV 14 /JULANG JAGRATARA
"19"|"1B5B"|YONKAV 8 /TANK NARA SINGA W.
"19"|"1C0B"|YONARMED 1 /AJUSTA YUDHA/2 /2 KOSTRAD
"19"|"1C0C"|YONARMED 6 /TAMARUNANG/3KOSTRAD
"19"|"1C1A"|MEN ARMED 1 /SY/1 KOSTRAD
"19"|"1C1B"|YONARMED 9 /PASOPATI/1 /1 KOSTRAD
"19"|"1C1C"|YONARMED 10 /BRADJAMUSTI/1 /1 KOSTRAD
"19"|"1C1D"|YONARMED 13 /NANGGALA/1 /1 KOSTRAD
"19"|"1C6A"|MEN ARMED 2 /PY/2 KOSTRAD
"19"|"1C6C"|YONARMED 11 /GUNTUR GENI/2 /2 KOSTRAD
"19"|"1C6D"|YONARMED 12 /ANGCIPI YUDHAY/2 /2 KOSTRAD
"19"|"1D0B"|YONARHANUD 1 /PURWA BAJRA CAKTI
"19"|"1D0H"|YONARHANUD 16 /SULA BHUANA CAKTI
"19"|"1D5B"|YONARHANUD 2 /AMWANGA BHUANA WICESA
"19"|"1E0B"|YON ZIPUR 9 /LANGLANG BUANA
"19"|"1E5B"|YON ZIPUR 10 /JALADRI PALAKA
"19"|"1F0B"|DENPOM DIVIF 1 KOSTRAD
"19"|"1F5B"|DENPOM DIVIF 2 KOSTRAD
"19"|"1F9B"|DENPOM DIVIF 3 KOSTRAD
"19"|"1G0B"|YON BEKANG DIVIF 1 /BHAKTI KJ
"19"|"1G5B"|YON BEKANG DIVIF 2 /MAWAT WJ.
"19"|"1K0B"|YONKES DIVIF 2 /YUDHA BHAKTI HUSADA
"19"|"1K5B"|YONKES DIVIF 1 /YUDHA KRIDA HUSADA
"19"|"1M0B"|DENPAL DIVIF 1 KOSTRAD
"19"|"1M5B"|DENPAL DIVIF 2 KOSTRAD
"19"|"1M9B"|DENPAL DIVIF 3 KOSTRAD
"19"|"1N0B"|DENHUB DIVIF 1 KOSTRAD
"19"|"1N5B"|DENHUB DIVIF 2 KOSTRAD
"19"|"1N9B"|DENHUB DIVIF 3 KOSTRAD
"19"|"1P0B"|AJEN DIVIF 1 KOSTRAD
"19"|"1P5B"|AJEN DIVIF 2 KOSTRAD
"19"|"1P9B"|AJEN DIVIF 3 KOSTRAD
"19"|"3U0B"|YON SATRIA SANDI YUDHA KOSTRAD
"19"|"4E0B"|ZI KOSTRAD
"19"|"4F0B"|POM KOSTRAD
"19"|"4G0B"|BEKANG KOSTRAD
"19"|"4H0B"|KUM KOSTRAD
"19"|"4K0B"|KES KOSTRAD
"19"|"4L0B"|PEN KOSTRAD
"19"|"4M0B"|PAL KOSTRAD
"19"|"4N0B"|HUB KOSTRAD
"19"|"4P0B"|AJEN KOSTRAD
"19"|"4Q0B"|KU KOSTRAD
"19"|"4S0B"|BINTAL KOSTRAD
"19"|"4T0B"|INFOLAHTA KOSTRAD
"19"|"4U0B"|SANSI KOSTRAD
"19"|"4W0B"|BINJAS KOSTRAD
"19"|"4Z0A"|DENMA KOSTRAD
"19"|"4Z0B"|MENLATPUR KOSTRAD
"20"|"1Z0B"|KODIKLATAD
"20"|"1Z0D"|PUSLATPUR
"20"|"1Z0E"|PUSSIMPUR KODIKLATAD
"20"|"4C0F"|POLTEKAD
"20"|"4P0B"|AJEN KODIKLATAD
"20"|"4Z0C"|PUSDIK PENGMILUM
"20"|"4Z0G"|PUSDIK KOWAD
"21"|"1E1A"|MENZIKON PUSZIAD
"21"|"1E1C"|YONZIKON 12 /KARANA JAYA
"21"|"1E1D"|YONZIKON 13 /KARYA ETMAKA
"21"|"1E1E"|YON ZIKON 14 /SRADHA WIRYA
"21"|"4E0B"|PUSZIAD
"21"|"4E0D"|DENZIJIHANDAK/SDS PUSZIAD
"21"|"4E0E"|DENZINUBIKA/WCJ PUSZIAD
"21"|"4E0F"|BALAK ADA PUSZIAD
"21"|"4E0G"|LABORATORIUM ZENI PUSZIAD
"21"|"4E0H"|BENGPUSZI PUSZIAD
"21"|"4E0I"|GUDPUSZI PUSZIAD
"21"|"4E0R"|PUSDIKZI PUSZIAD
"22"|"4G0B"|PUSBEKANGAD
"22"|"4G0C"|BALAKADA PUSBEKANGAD
"22"|"4G0D"|BENGPUSBEKANG
"22"|"4G0E"|YONBEKANG 3 /PRATALA RATA YUDHA
"22"|"4G0F"|SATANGAIR/KALAKA RATA YUDHA
"22"|"4G0G"|YONBEKANG 5 /AKACA RATA YUDHA
"22"|"4G0H"|TERMBEKANG 1 /JAKARTA
"22"|"4G0I"|PUSDIKBEKANG PUSBEKANGAD
"22"|"4G0J"|TERMBEKANG 2 /SURABAYA
"22"|"4G0K"|TERMBEKANG MAKASSAR
"22"|"4G0L"|TERMBEKANG BELAWAN
"22"|"4G0M"|GUPUSBEKANG 1 /JAKARTA
"22"|"4G0N"|GUPUSBEKANG 2 /SURABAYA
"23"|"4M0B"|PUSPALAD
"23"|"4M0D"|BENGPUSPAL PUSPALAD
"23"|"4M0J"|PUSDIKPAL PUSPALAD
"24"|"4N0B"|PUSKOMLEKAD
"24"|"4N0C"|GUPUSKOMLEK
"24"|"4N0D"|BENGPUSKOMLEK
"24"|"4N0E"|YONKOMLEK/CANDYA WIRATAMA
"24"|"4N0F"|BALAKADA
"24"|"4N0K"|PUSDIKKOMLEK PUSKOMLEKAD
"25"|"4K0B"|PUSKESAD
"25"|"4K0C"|LAKESMIL
"25"|"4K0D"|LAFIAD
"25"|"4K0E"|LABIOMED
"25"|"4K0G"|LAKESGILUT
"25"|"4K0H"|LAPALKES
"25"|"4K0J"|GUPUS I
"25"|"4K0K"|GUPUS II
"25"|"4K0L"|LABIOVAK
"25"|"4K0S"|PUSDIKKES PUSKESAD
"26"|"4P0B"|DITAJENAD
"26"|"4P0L"|PUSDIKAJEN DITAJENAD
"27"|"4R0B"|DITTOPAD
"27"|"4R0T"|PUSDIKTOP DITTOPAD
"28"|"4Q0B"|DITKUAD
"28"|"4Q0C"|KUPUS II DITKUAD
"28"|"4Q0D"|KUPUS I DITKUAD
"28"|"4Q0M"|PUSDIKKU DITKUAD
"29"|"4H0B"|DITKUMAD
"29"|"4H0D"|STHM
"29"|"4H0Q"|PUSDIKKUM DITKUMAD
"30"|"4K0B"|RSPAD GATOT SOEBROTO
"31"|"1A1B"|YONIF 132 /BIMA SAKTI
"31"|"1A1C"|YONIF 136 /TUAH SAKTI
"31"|"1A1D"|YON KOMPOSIT 1 /GARDAPATI
"31"|"1A2A"|BRIGIF TP 89 /GIMPAM GASIB
"31"|"1A2B"|YONIF TP 849 /BELADAU SAKTI
"31"|"1A2C"|YONIF TP 850 /SERINDIT CAKTI
"31"|"1A2D"|YONIF TP 851 /BARAU BARAU CAKTI
"31"|"1A2E"|YONIF TP 898 /PANCALANG CAKTI
"31"|"1B0B"|KIKAV 6 /RAJAWALI BHAKTI TAMA
"31"|"1D0B"|YONARHANUD 13 /PARIGHA BHUANA YUDHA
"31"|"1D0C"|DENARHANUD 004 /WIRA SETYA BHUANA YUDHA
"31"|"2Z1A"|KOREM 031 /WIRA BIMA
"31"|"2Z1B"|KODIM 0301 /PEKANBARU REM 031
"31"|"2Z1C"|KODIM 0302 /INDRAGIRI HULU REM 031
"31"|"2Z1D"|KODIM 0303 /BENGKALIS REM 031
"31"|"2Z1E"|KODIM 0313 /KAMPAR REM 031
"31"|"2Z1F"|KODIM 0314 /INDRAGIRI HILIR REM 031
"31"|"2Z1K"|KODIM 0320 /DUMAI REM 031
"31"|"2Z1L"|KODIM 0321 /ROHIL REM 031
"31"|"2Z1M"|KODIM 0322 /SIAK REM 031
"31"|"2Z2A"|KOREM 033 /WIRA PRATAMA
"31"|"2Z2B"|KODIM 0315 /TANJUNGPINANG REM 033
"31"|"2Z2C"|KODIM 0316 /BATAM REM 033
"31"|"2Z2D"|KODIM 0317 /TANJUNG BALAI KARIMUN REM 033
"31"|"2Z2E"|KODIM 0318 /NATUNA REM 033
"31"|"3U0B"|DENINTELDAM XIX /TT
"31"|"4E0B"|ZIDAM XIX /TT
"31"|"4F0B"|POMDAM XIX /TT
"31"|"4G0B"|BEKANGDAM XIX /TT
"31"|"4H0B"|KUMDAM XIX /TT
"31"|"4K0B"|KESDAM XIX /TT
"31"|"4L0B"|PENDAM XIX /TT
"31"|"4M0B"|PALDAM XIX /TT
"31"|"4N0B"|KOMLEKDAM XIX /TT
"31"|"4P0B"|AJENDAM XIX /TT
"31"|"4P0D"|BABINMINVETCADDAM XIX /TT
"31"|"4Q0B"|KUDAM XIX /TT
"31"|"4R0B"|TOPDAM XIX /TT
"31"|"4S0B"|BINTALJARAHDAM XIX /TT
"31"|"4T0B"|INFOLAHTADAM XIX /TT
"31"|"4U0B"|SANSIDAM XIX /TT
"31"|"4W0B"|JASDAM XIX /TT
"31"|"4Z0A"|DENMADAM XIX /TT
"31"|"4Z0B"|ITDAM XIX /TT
"32"|"1A1A"|BRIGIF TP 35 /SIGINJAI
"32"|"1A1B"|YONIF TP 844 /KSATRIA BATANGHARI
"32"|"1A1C"|YONIF TP 897 /SINGGALANG
"32"|"1A1D"|YONIF TP 896 /SERUMPUN PSEKO
"32"|"1A2B"|YONIF 142 /KSATRIA JAYA
"32"|"1A2C"|YONIF 131 /PRAJA SAKTI
"32"|"1A2D"|YONIF 133 /YUDHA SAKTI
"32"|"1E0C"|DENZIPUR 2 /PRASADA SAKTI
"32"|"2Z1A"|KOREM 042 /GARUDA PUTIH
"32"|"2Z1B"|KODIM 0415 /JAMBI REM 042
"32"|"2Z1C"|KODIM 0416 /BUNGO TEBO REM 042
"32"|"2Z1D"|KODIM 0417 /KERINCI REM 042
"32"|"2Z1E"|KODIM 0419 /TANJUNG JABUNG REM 042
"32"|"2Z1F"|KODIM 0420 /SAROLANGUN BANGKO REM 042
"32"|"2Z2A"|KOREM 032 /WIRA BRAJA
"32"|"2Z2B"|KODIM 0304 /AGAM REM 032
"32"|"2Z2C"|KODIM 0305 /PASAMAN REM 032
"32"|"2Z2D"|KODIM 0306 /50 KOTA REM 032
"32"|"2Z2E"|KODIM 0307 /TANAH DATAR REM 032
"32"|"2Z2F"|KODIM 0308 /PARIAMAN REM 032
"32"|"2Z2G"|KODIM 0309 /SOLOK REM 032
"32"|"2Z2H"|KODIM 0310 /SAWAHLUNTO SIJUNJUNG REM 032
"32"|"2Z2I"|KODIM 0311 /PESISIR SELATAN REM 032
"32"|"2Z2J"|KODIM 0312 /KODYA PADANG REM 032
"32"|"2Z2K"|KODIM 0319 /MENTAWAI REM 032
"32"|"3U0B"|DENINTELDAM XX /TIB
"32"|"4E0B"|ZIDAM XX /TIB
"32"|"4F0B"|POMDAM XX /TIB
"32"|"4G0B"|BEKANGDAM XX /TIB
"32"|"4H0B"|KUMDAM XX /TIB
"32"|"4K0B"|KESDAM XX /TIB
"32"|"4L0B"|PENDAM XX /TIB
"32"|"4M0B"|PALDAM XX /TIB
"32"|"4N0B"|HUBDAM XX /TIB
"32"|"4P0B"|AJENDAM XX /TIB
"32"|"4P0D"|BABINMINVETCADDAM XX /TIB
"32"|"4Q0B"|KUDAM XX /TIB
"32"|"4R0B"|TOPDAM XX /TIB
"32"|"4S0B"|BINTALJARAHDAM XX /TIB
"32"|"4T0B"|INFOLAHTADAM XX /TIB
"32"|"4W0B"|JASDAM XX /TIB
"32"|"4Z0A"|DENMADAM XX /TIB
"33"|"1A1A"|BRIGIF TP 88 /KSATRIA BUKIT KABA
"33"|"1A1B"|YONIF 144 /JAYA YUDHA 
"33"|"1A1C"|YONIF TP 847 /VAHAKAH SAMRUDDHI
"33"|"1A1D"|YONIF TP 848 /SATYA PANDYA CAKTI
"33"|"1A3B"|YONIF 143 /TRIWIRA EKA JAYA
"33"|"1E0C"|DENZIPUR 14 /GANA BHADRIKA
"33"|"2Z1A"|KOREM 041 /GARUDA EMAS
"33"|"2Z1B"|KODIM 0407 /KOTA BENGKULU REM 041
"33"|"2Z1C"|KODIM 0408 /BENGKULU SELATAN REM 041
"33"|"2Z1D"|KODIM 0409 /REJANG LEBONG REM 041
"33"|"2Z1E"|KODIM 0423 /BENGKULU UTARA REM 041
"33"|"2Z1F"|KODIM 0425 /SELUMA REM 041
"33"|"2Z1G"|KODIM 0428 /MUKO MUKO REM 041
"33"|"2Z2A"|KOREM 043 /GARUDA HITAM
"33"|"2Z2B"|KODIM 0410 /KODYA BANDAR LAMPUNG REM 043
"33"|"2Z2C"|KODIM 0411 /KOTA METRO REM 043
"33"|"2Z2D"|KODIM 0412 /LAMPUNG UTARA REM 043
"33"|"2Z2E"|KODIM 0421 /LAMPUNG SELATAN REM 043
"33"|"2Z2F"|KODIM 0422 /LAMPUNG BARAT REM 043
"33"|"2Z2G"|KODIM 0424 /TANGGAMUS REM 043
"33"|"2Z2H"|KODIM 0426 /TULANG BAWANG REM 043
"33"|"2Z2J"|KODIM 0427 /WAYKANAN REM 043
"33"|"2Z2K"|KODIM 0429 /LAMPUNG TIMUR REM 043
"33"|"3U0B"|DENINTELDAM XXI /RI
"33"|"4E0B"|ZIDAM XXI /RI
"33"|"4F0B"|POMDAM XXI /RI
"33"|"4G0B"|BEKANGDAM XXI /RI
"33"|"4H0B"|KUMDAM XXI /RI
"33"|"4K0B"|KESDAM XXI /RI
"33"|"4L0B"|PENDAM XXI /RI
"33"|"4M0B"|PALDAM XXI /RI
"33"|"4N0B"|HUBDAM XXI /RI
"33"|"4P0B"|AJENDAM XXI /RI
"33"|"4P0D"|BABINMINVETCADDAM XXI /RI
"33"|"4Q0B"|KUDAM XXI /RI
"33"|"4R0B"|TOPDAM XXI /RI
"33"|"4S0B"|BINTALJARAHDAM XXI /RI
"33"|"4T0B"|INFOLAHTADAM XXI /RI
"33"|"4W0B"|JASDAM XXI /RI
"33"|"4Z0A"|DENMADAM XXI /RI
"34"|"1A1A"|BRIGIF TP 86 /MANDAU
"34"|"1A1B"|YONIF TP 828 /BANUA WARANI MATTONE
"34"|"1A1C"|YONIF TP 829 /BUMI ANTALUDIN
"34"|"1A1D"|YONIF TP 830 /ISEN MULANG
"34"|"1A1E"|YONIF TP 831 /PANUNJUNG TARUNG
"34"|"1A1F"|YONIF TP 883 /TEMANGGUNG AWAN
"34"|"1A1G"|YONIF TP 884 /SA-IJAAN
"34"|"1A2C"|YONIF 631 /ANTANG
"34"|"1A3B"|YONIF 621 /MANUNTUNG
"34"|"1A3C"|YONIF 623 /BHAKTI WIRA UTAMA
"34"|"1E0C"|DEN ZIPUR 8
"34"|"2Z1A"|KOREM 102 /PANJU PANJUNG
"34"|"2Z1B"|KODIM 1011 /KUALA KAPUAS REM 102
"34"|"2Z1C"|KODIM 1012 /BUNTOK REM 102
"34"|"2Z1D"|KODIM 1013 /MUARA TEWEH REM 102
"34"|"2Z1E"|KODIM 1014 /PANGKALAN BUN REM 102
"34"|"2Z1F"|KODIM 1015 /SAMPIT REM 102
"34"|"2Z1G"|KODIM 1016 /PALANGKA RAYA REM 102
"34"|"2Z1H"|KODIM 1017 /LAMANDAU REM 102
"34"|"2Z1I"|KODIM 1019 /KATINGAN REM 102
"34"|"2Z1L"|KODIM 1018 /GUNUNG MAS REM 102
"34"|"2Z2A"|KOREM 101 /ANTASARI
"34"|"2Z2B"|KODIM 1001 /HULU SUNGAI REM 101
"34"|"2Z2C"|KODIM 1002 /HULU SUNGAI TENGAH REM 101
"34"|"2Z2D"|KODIM 1003 /HULU SUNGAI SELATAN REM 101
"34"|"2Z2E"|KODIM 1004 /KOTABARU REM 101
"34"|"2Z2F"|KODIM 1005 /BARITO KUALA REM 101 /ANT
"34"|"2Z2G"|KODIM 1006 /BANJAR REM 101
"34"|"2Z2H"|KODIM 1007 /BANJARMASIN REM 101
"34"|"2Z2J"|KODIM 1008 /TABALONG REM 101
"34"|"2Z2K"|KODIM 1009 /TANAH LAUT REM 101
"34"|"2Z2L"|KODIM 1010 /TAPIN REM 101
"34"|"2Z2M"|KODIM 1022 /KAB. TANAH BUMBU
"34"|"3U0B"|DENINTELDAM XXII /TB
"34"|"4A0B"|RINDAM XXII /TB
"34"|"4E0B"|ZIDAM XXII /TB
"34"|"4F0B"|POMDAM XXII /TB
"34"|"4G0B"|BEKANGDAM XXII /TB
"34"|"4H0B"|KUMDAM XXII /TB
"34"|"4K0B"|KESDAM XXII /TB
"34"|"4L0B"|PENDAM XXII /TB
"34"|"4M0B"|PALDAM XXII /TB
"34"|"4N0B"|KOMLEKDAM XXII /TB
"34"|"4P0B"|AJENDAM XXII /TB
"34"|"4P0D"|BABINMINVETCADDAM XXII /TB
"34"|"4Q0B"|KUDAM XXII /TB
"34"|"4R0B"|TOPDAM XXII /TB
"34"|"4S0B"|BINTALJARAHDAM XXII /TB
"34"|"4T0B"|INFOLAHTADAM XXII /TB
"34"|"4W0B"|JASDAM XXII /TB
"34"|"4Z0A"|DENMADAM XXII /TB
"35"|"1A1A"|BRIGIF TP 30 /KAROSO NDAYA
"35"|"1A1B"|YONIF TP 873 /MARESO MASAGENA
"35"|"1A1C"|YONIF TP 874 /VOVASANGGAYU
"35"|"1A2B"|YONIF 711 /RAKSATAMA
"35"|"1A2C"|YONIF 714 /SINTUWU MAROSO
"35"|"1A3C"|YONIF TP 825 /GARUDA YUDHA SAKTI
"35"|"1E0D"|DENZIPUR 15
"35"|"2Z1A"|KOREM 142 /TAROADA TAROGAU
"35"|"2Z1B"|KODIM 1401 /MAJENE REM 142
"35"|"2Z1C"|KODIM 1402 /POLMAN REM 142
"35"|"2Z1D"|KODIM 1418 /MAMUJU REM 142
"35"|"2Z1E"|KODIM 1427 /PASANGKAYU REM 142
"35"|"2Z1F"|KODIM 1428 /MAMASA REM 142
"35"|"2Z2A"|KOREM 132 /TADULAKO
"35"|"2Z2B"|KODIM 1305 /BUOL TOLI TOLI REM 132
"35"|"2Z2C"|KODIM 1306 /KOTA PALU REM 132 /TDL DAM XXIII /PW
"35"|"2Z2D"|KODIM 1307 /POSO REM 132
"35"|"2Z2E"|KODIM 1308 /LUBUK BANGGAI REM 132
"35"|"2Z2F"|KODIM 1311 /MOROWALI REM 132
"35"|"3U0B"|DENINTELDAM XXIII /PW
"35"|"4E0B"|ZIDAM XXIII /PW
"35"|"4F0B"|POMDAM XXIII /PW
"35"|"4G0B"|BEKANGDAM XXIII /PW
"35"|"4H0B"|KUMDAM XXIII /PW
"35"|"4K0B"|KESDAM XXIII /PW
"35"|"4L0B"|PENDAM XXIII /PW
"35"|"4M0B"|PALDAM XXIII /PW
"35"|"4N0B"|HUBDAM XXIII /PW
"35"|"4P0B"|AJENDAM XXIII /PW
"35"|"4P0D"|BABINMINVETCADDAM XXIII /PW
"35"|"4Q0B"|KUDAM XXIII /PW
"35"|"4R0B"|TOPDAM XXIII /PW
"35"|"4S0B"|BINTALJARAHDAM XXIII /PW
"35"|"4T0B"|INFOLAHTADAM XXIII /PW
"35"|"4W0B"|JASDAM XXIII /PW
"35"|"4Z0A"|DENMADAM XXIII /PW
"36"|"1A1A"|BRIGIF TP 83 /BUGODI
"36"|"1A1B"|YONIF 801 /NDUKA ADYATAMA YUDDHA
"36"|"1A1C"|YONIF 802 /WIMANE MAMBE JAYA
"36"|"1A1D"|YONIF 803 /KSATRIA YUDDHA KENTSUWRI
"36"|"1A1E"|YONIF TP 817 /AOBA
"36"|"1A1F"|YONIF TP 818 /YUBOI
"36"|"1A1G"|YONIF TP 819 /PIBP
"36"|"1A2B"|YONIF TP 861 /MALEO KAMUR
"36"|"1A3B"|YONIF 757 /GHUPTA VIRA 
"36"|"1E0D"|DEN ZIPUR 11/MA
"36"|"2Z1A"|KOREM 174 /ANIM TI WANINGGAP
"36"|"2Z1B"|KODIM 1707 /MERAUKE REM 174
"36"|"2Z1C"|KODIM 1711 /BOUVEN DIGUL REM 174
"36"|"2Z1D"|KODIM 1704 /MAPPI REM 174 /ATW DAM XXIV/MT
"36"|"3U0B"|DENINTELDAM XXIV /MT
"36"|"4E0B"|ZIDAM XXIV /MT
"36"|"4F0B"|POMDAM XXIV /MT
"36"|"4G0B"|BEKANGDAM XXIV /MT
"36"|"4H0B"|KUMDAM XXIV /MT
"36"|"4K0B"|KESDAM XXIV /MT
"36"|"4L0B"|PENDAM XXIV /MT
"36"|"4M0B"|PALDAM XXIV /MT
"36"|"4N0B"|HUBDAM XXIV /MT
"36"|"4P0B"|AJENDAM XXIV /MT
"36"|"4P0D"|BABINMINVETCADDAM XXIV /MT
"36"|"4Q0B"|KUDAM XXIV /MT
"36"|"4R0B"|TOPDAM XXIV /MT
"36"|"4S0B"|BINTALJARAHDAM XXIV /MT
"36"|"4T0B"|INFOLAHTADAM XXIV /MT
"36"|"4W0B"|JASDAM XXIV /MT
"36"|"4Z0A"|DENMADAM XXIV /MT
"41"|"4W0B"|DISJASAD
"41"|"4W0F"|PUSDIKJAS DISJASAD
"42"|"4L0B"|DISPENAD
"43"|"4S0B"|DISBINTALAD
"44"|"4Z0B"|DISPSIAD
"45"|"4Z0B"|DISLITBANGAD
"46"|"4T0B"|DISINFOLAHTAD
"47"|"4X0B"|DISJARAHAD
"48"|"4Z0D"|DISLAIKAD
"49"|"4Z0B"|DISADAAD
"50"|"4Z0E"|DISMINPERSAD
"61"|"4A0B"|PUSSENIF
"61"|"4A0X"|PUSDIKIF PUSSENIF
"62"|"4B0B"|PUSSENKAV
"62"|"4B0D"|BENGPUSKAV PUSSENKAV
"62"|"4B0E"|YONKAVKUD 1 /SEMBRANI
"62"|"4B0F"|YONKAVKUD 2 /GENTAYU
"62"|"4B0G"|YONKAVKUD 3 /GAGAK RIMANG
"62"|"4B0H"|KINAKKUD
"62"|"4B0I"|MENKAVKUD
"62"|"4B0Y"|PUSDIKKAV PUSSENKAV
"63"|"4C0B"|PUSSENARMED
"63"|"4C0C"|BENGPUSARMED
"63"|"4C0V"|PUSDIKARMED PUSSENARMED
"64"|"4D0B"|PUSSENARHANUD
"64"|"4D0C"|BENGPUSARHANUD PUSSENARHANUD
"64"|"4D0W"|PUSDIKARHANUD PUSSENARHANUD
"65"|"4F0B"|PUSPOMAD
"65"|"4F0C"|YONPOMAD 
"65"|"4F0H"|PUSDIKPOM PUSPOMAD
"66"|"4Z0B"|PUSTERAD
"66"|"4Z0P"|PUSDIKTER
"67"|"1Y1A"|LANUMAD A YANI
"67"|"1Y1B"|SKADRON 11 /AMUR AMARA JAYA
"67"|"1Y1C"|SKADRON 21 /AKASA AQRAYA YUDHA
"67"|"1Y1D"|SKADRON 31 /AMUR YUDHA CAKTI
"67"|"1Y1E"|LANUDAD GATOT SOEBROTO
"67"|"1Y1F"|SKADRON 12 /AMUR JAYA YUDHA
"67"|"1Y1G"|SKADRON 13 /AMUR BALOTTAMA YUDHA
"67"|"4Y0B"|MAPUSPENERBAD
"67"|"4Y0C"|BALAKADA PUSPENERBAD
"67"|"4Y0D"|BENGPUS PENERBAD
"67"|"4Y0U"|PUSDIKPENERBAD
"68"|"4U0B"|PUSINTELAD
"68"|"4U0N"|PUSDIKINTEL PUSINTELAD
"69"|"4U0T"|PUSAT SIBER TNI AD
"71"|"4Z0B"|AKMIL
"72"|"4Z0B"|SESKOAD
"73"|"4Z0B"|SECAPAAD
"81"|"4Z0A"|DENMA MABESAD
"81"|"4Z0B"|SETUMAD
"81"|"4Z0C"|STAF AHLI KASAD
"82"|"4Z0B"|ITJENAD
